{"cameraMode":{"drawMode":0,"name":"Shaded","section":"Shading Mode"},"sceneLighting":true,"audioPlay":false,"sceneViewState":{"m_AlwaysRefresh":false,"showFog":true,"showSkybox":true,"showFlares":true,"showImageEffects":true,"showParticleSystems":true,"showVisualEffectGraphs":true,"m_FxEnabled":true},"in2DMode":false,"pivot":{"x":2.731292247772217,"y":6.484615802764893,"z":-4.084547996520996},"rotation":{"x":0.22505861520767213,"y":-0.18544885516166688,"z":0.04366995766758919,"w":0.9555487632751465},"size":3.3651533126831056,"orthographic":false}